Month	SchActivity	PrjActivity	cumulPtime	cumulSchActivity	cumulPrjActivity
0	10	162	0.0	0.9090909090909091	0.9759036144578314
1	1	4	1.0	1.0	1.0
