Month	SchActivity	PrjActivity	cumulPtime	cumulSchActivity	cumulPrjActivity
0	2	1	0.0	0.2	0.2
1	0	1	0.1111111111111111	0.2	0.4
2	0	0	0.2222222222222222	0.2	0.4
3	0	0	0.3333333333333333	0.2	0.4
4	1	2	0.4444444444444444	0.30000000000000004	0.8
5	2	0	0.5555555555555556	0.5	0.8
6	2	0	0.6666666666666666	0.7	0.8
7	2	0	0.7777777777777778	0.8999999999999999	0.8
8	1	0	0.8888888888888888	0.9999999999999999	0.8
9	0	1	1.0	0.9999999999999999	1.0